{"cameraMode":{"drawMode":0,"name":"Shaded","section":"Shading Mode"},"sceneLighting":true,"audioPlay":false,"sceneViewState":{"m_AlwaysRefresh":false,"showFog":true,"showSkybox":true,"showFlares":true,"showImageEffects":true,"showParticleSystems":true,"showVisualEffectGraphs":true,"m_FxEnabled":true},"in2DMode":false,"pivot":{"x":4.703866481781006,"y":2.9548966884613039,"z":23.314029693603517},"rotation":{"x":0.6498532295227051,"y":0.0034202467650175096,"z":-0.002924287924543023,"w":0.7600486874580383},"size":18.980987548828126,"orthographic":false}