{"cameraMode":{"drawMode":0,"name":"Shaded","section":"Shading Mode"},"sceneLighting":false,"audioPlay":false,"sceneViewState":{"m_AlwaysRefresh":false,"showFog":true,"showSkybox":false,"showFlares":true,"showImageEffects":true,"showParticleSystems":true,"showVisualEffectGraphs":true,"m_FxEnabled":true},"in2DMode":false,"pivot":{"x":12.800000190734864,"y":1.4660520553588868,"z":27.373769760131837},"rotation":{"x":-0.040861181914806369,"y":0.15878000855445863,"z":-0.006576824001967907,"w":-0.9864537715911865},"size":2.715616226196289,"orthographic":false}